{"cameraMode":{"drawMode":0,"name":"Shaded","section":"Shading Mode"},"sceneLighting":true,"audioPlay":false,"sceneViewState":{"m_AlwaysRefresh":false,"showFog":true,"showSkybox":true,"showFlares":true,"showImageEffects":true,"showParticleSystems":true,"showVisualEffectGraphs":true,"m_FxEnabled":true},"in2DMode":false,"pivot":{"x":97.47117614746094,"y":45.26422119140625,"z":785.1851806640625},"rotation":{"x":0.007477160077542067,"y":-0.07133229821920395,"z":-0.0005609364598058164,"w":-0.9974521994590759},"size":409.9425354003906,"orthographic":false}