{"cameraMode":{"drawMode":0,"name":"Shaded","section":"Shading Mode"},"sceneLighting":false,"audioPlay":false,"sceneViewState":{"m_AlwaysRefresh":true,"showFog":false,"showSkybox":false,"showFlares":true,"showImageEffects":true,"showParticleSystems":false,"showVisualEffectGraphs":true,"m_FxEnabled":true},"in2DMode":false,"pivot":{"x":174.8619384765625,"y":0.4491339921951294,"z":-7.7862162590026859},"rotation":{"x":0.38813644647598269,"y":-0.17544279992580415,"z":0.07580452412366867,"w":0.9017646312713623},"size":1.1188445091247559,"orthographic":false}